1,"(102, 105, 46)","(212, 180, 136)","(148, 148, 172)","(14, 16, 13)","(122, 118, 128)","(157, 149, 76)","(59, 49, 37)","(137, 149, 68)","(178, 188, 136)"
1,"(175, 156, 141)","(26, 30, 34)","(85, 65, 62)","(233, 232, 231)","(100, 96, 89)","(102, 86, 66)","(227, 188, 173)","(219, 212, 202)","(60, 84, 84)"
1,"(34, 33, 33)","(210, 196, 188)","(144, 133, 125)","(168, 166, 156)","(112, 111, 109)","(95, 86, 82)","(99, 99, 108)","(155, 156, 165)","(180, 124, 124)"
1,"(207, 178, 157)","(34, 31, 29)","(133, 109, 96)","(93, 79, 71)","(102, 98, 100)","(107, 109, 104)","(156, 164, 148)","(156, 156, 156)","(164, 92, 60)"
1,"(213, 212, 214)","(23, 23, 27)","(151, 152, 156)","(120, 115, 117)","(138, 139, 149)","(75, 72, 74)","(89, 93, 98)","(81, 83, 93)","(164, 124, 124)"
1,"(37, 35, 35)","(189, 168, 149)","(127, 109, 95)","(143, 166, 173)","(86, 71, 60)","(94, 107, 100)","(116, 145, 160)","(197, 60, 77)","(64, 81, 101)"
1,"(214, 194, 166)","(142, 129, 113)","(28, 23, 19)","(57, 46, 38)","(75, 69, 65)","(97, 80, 67)","(84, 64, 41)","(178, 181, 181)","(167, 168, 176)"
1,"(208, 123, 62)","(27, 13, 15)","(251, 245, 243)","(251, 204, 163)","(141, 55, 22)","(246, 188, 135)","(238, 173, 109)","(153, 71, 31)","(100, 100, 76)"
1,"(219, 186, 177)","(31, 57, 44)","(152, 125, 92)","(97, 150, 100)","(102, 91, 77)","(159, 183, 148)","(159, 158, 172)","(205, 60, 45)","(81, 116, 124)"
1,"(212, 164, 128)","(18, 18, 27)","(112, 72, 67)","(169, 60, 45)","(61, 57, 66)","(36, 104, 104)","(140, 141, 125)","(39, 84, 81)","(136, 128, 148)"
1,"(47, 52, 50)","(192, 170, 152)","(151, 172, 134)","(139, 129, 107)","(99, 131, 106)","(141, 152, 163)","(101, 86, 68)","(91, 104, 110)","(176, 92, 90)"
1,"(214, 185, 173)","(51, 56, 83)","(137, 112, 112)","(201, 65, 88)","(153, 168, 171)","(94, 103, 137)","(4, 4, 4)","(96, 110, 119)","(140, 151, 172)"
1,"(204, 163, 160)","(48, 52, 61)","(136, 104, 93)","(145, 172, 158)","(90, 124, 99)","(95, 70, 74)","(111, 134, 178)","(71, 80, 126)","(189, 55, 106)"
1,"(203, 200, 188)","(28, 30, 25)","(132, 126, 109)","(157, 169, 176)","(105, 110, 107)","(135, 149, 166)","(92, 95, 97)","(84, 80, 69)","(180, 79, 61)"
1,"(205, 191, 172)","(148, 155, 131)","(23, 18, 18)","(116, 82, 62)","(72, 34, 26)","(169, 84, 64)","(80, 92, 76)","(148, 124, 140)","(68, 76, 84)"
1,"(235, 237, 225)","(166, 162, 139)","(27, 19, 22)","(141, 111, 84)","(98, 91, 85)","(88, 58, 44)","(101, 122, 162)","(56, 70, 99)","(188, 124, 112)"
1,"(173, 149, 82)","(31, 25, 24)","(121, 99, 64)","(76, 55, 46)","(91, 92, 90)","(148, 148, 145)","(90, 84, 92)","(156, 76, 14)","(148, 140, 148)"
1,"(157, 165, 142)","(18, 22, 21)","(71, 67, 61)","(217, 213, 187)","(86, 97, 92)","(114, 99, 89)","(102, 84, 68)","(52, 76, 70)","(196, 196, 180)"
1,"(26, 22, 24)","(157, 170, 178)","(77, 60, 57)","(93, 82, 71)","(102, 95, 92)","(218, 215, 208)","(133, 122, 111)","(99, 142, 167)","(195, 204, 200)"
1,"(139, 152, 151)","(28, 56, 57)","(84, 121, 124)","(74, 107, 111)","(77, 95, 92)","(82, 59, 52)","(184, 167, 158)","(76, 65, 76)","(159, 172, 172)"
1,"(156, 151, 137)","(110, 102, 83)","(16, 21, 15)","(136, 143, 132)","(69, 57, 43)","(124, 131, 124)","(81, 86, 70)","(36, 55, 35)","(72, 76, 76)"
1,"(19, 23, 22)","(113, 157, 169)","(63, 71, 71)","(182, 148, 129)","(81, 88, 92)","(143, 172, 174)","(104, 113, 110)","(48, 89, 98)","(45, 60, 76)"
1,"(180, 185, 141)","(43, 48, 39)","(124, 122, 86)","(64, 111, 99)","(125, 161, 138)","(89, 87, 68)","(92, 138, 148)","(62, 98, 93)","(65, 87, 70)"
1,"(73, 78, 65)","(180, 211, 192)","(11, 10, 11)","(116, 119, 98)","(83, 115, 110)","(165, 168, 149)","(115, 136, 119)","(147, 164, 154)","(156, 188, 172)"
1,"(20, 21, 14)","(144, 164, 144)","(100, 106, 93)","(139, 124, 107)","(92, 76, 63)","(56, 46, 31)","(66, 64, 51)","(100, 134, 127)","(65, 80, 78)"
1,"(49, 53, 25)","(194, 202, 179)","(150, 160, 149)","(140, 143, 106)","(181, 157, 104)","(135, 106, 70)","(105, 110, 97)","(103, 105, 60)","(132, 180, 116)"
1,"(46, 52, 23)","(200, 204, 179)","(171, 179, 148)","(134, 150, 147)","(153, 138, 95)","(115, 100, 69)","(122, 131, 101)","(83, 102, 107)","(189, 89, 24)"
1,"(198, 200, 173)","(43, 48, 22)","(146, 132, 97)","(142, 154, 148)","(165, 176, 153)","(106, 106, 93)","(109, 91, 60)","(118, 129, 95)","(180, 84, 31)"
1,"(196, 197, 166)","(28, 50, 20)","(140, 135, 98)","(163, 169, 129)","(146, 155, 140)","(103, 124, 68)","(97, 84, 52)","(98, 102, 90)","(184, 86, 23)"
1,"(139, 139, 111)","(36, 34, 23)","(204, 215, 185)","(83, 81, 62)","(189, 197, 163)","(56, 74, 41)","(104, 88, 65)","(80, 71, 42)","(196, 186, 148)"
1,"(190, 220, 201)","(86, 79, 63)","(177, 156, 119)","(148, 140, 107)","(11, 14, 12)","(136, 175, 178)","(137, 121, 85)","(104, 121, 109)","(116, 188, 198)"
1,"(31, 45, 21)","(190, 178, 130)","(145, 167, 84)","(132, 133, 71)","(93, 129, 54)","(88, 89, 49)","(98, 131, 146)","(85, 92, 87)","(193, 54, 65)"
1,"(199, 192, 139)","(36, 44, 22)","(141, 127, 90)","(149, 174, 123)","(95, 82, 43)","(85, 116, 76)","(148, 153, 142)","(79, 97, 86)","(172, 92, 43)"
1,"(195, 174, 132)","(21, 26, 12)","(111, 82, 53)","(83, 109, 150)","(70, 53, 32)","(39, 65, 100)","(118, 151, 182)","(70, 93, 115)","(150, 74, 125)"
1,"(202, 191, 156)","(22, 28, 17)","(112, 85, 58)","(69, 53, 36)","(106, 124, 152)","(129, 152, 166)","(50, 67, 98)","(68, 95, 121)","(148, 84, 65)"
1,"(47, 49, 47)","(179, 209, 180)","(108, 135, 131)","(69, 106, 113)","(138, 134, 114)","(127, 101, 74)","(212, 226, 197)","(159, 158, 121)","(149, 88, 60)"
1,"(36, 41, 25)","(171, 170, 138)","(104, 101, 81)","(192, 223, 197)","(92, 70, 53)","(113, 107, 52)","(134, 108, 83)","(200, 220, 185)","(221, 211, 171)"
1,"(137, 174, 163)","(86, 109, 61)","(26, 30, 21)","(191, 223, 206)","(109, 132, 98)","(56, 92, 44)","(177, 214, 198)","(93, 109, 91)","(90, 135, 128)"
1,"(190, 196, 135)","(50, 63, 33)","(128, 131, 88)","(149, 169, 97)","(7, 10, 6)","(95, 120, 63)","(85, 102, 93)","(151, 151, 150)","(164, 116, 84)"
